,City,Lat,Lng,Max Temp,Humidity,Cloudiness,Wind Speed,Country,Date
0,Port Alfred,-33.5906,26.891,66.0,92,90,3.0,ZA,1615851698
1,Mataura,-46.1927,168.8643,55.99,69,74,21.99,NZ,1615851699
2,Busselton,-33.65,115.3333,66.99,48,56,5.01,AU,1615851582
3,Fergus Falls,46.283,-96.0776,32.0,80,75,10.36,US,1615851699
4,Bluff,-46.6,168.3333,55.99,69,74,21.99,NZ,1615851700
5,Namatanai,-3.6667,152.4333,85.26,61,82,3.76,PG,1615851700
6,Butaritari,3.0707,172.7902,81.91,76,52,15.77,KI,1615851578
7,Te Anau,-45.4167,167.7167,54.9,54,69,3.8,NZ,1615851700
8,Georgiyevka,43.0369,74.7114,21.2,86,75,4.47,KZ,1615851701
9,Havelock,34.8791,-76.9013,46.0,53,86,1.01,US,1615851533
10,Bolivar,37.6145,-93.4105,64.4,39,20,14.97,US,1615851676
11,Kinango,-4.1372,39.3153,72.25,91,16,1.05,KE,1615851701
12,Seminole,28.7086,-81.2081,75.99,64,1,11.5,US,1615851702
13,Byron Bay,-28.65,153.6167,75.2,57,75,14.97,AU,1615851580
14,Cape Town,-33.9258,18.4232,64.4,77,0,16.11,ZA,1615851702
15,Hobart,-42.8794,147.3294,57.99,58,75,6.91,AU,1615851702
16,Hermanus,-34.4187,19.2345,61.0,95,22,7.45,ZA,1615851474
17,Nago,26.5881,127.9761,69.8,83,1,5.75,JP,1615851703
18,São Félix do Xingu,-6.6447,-51.995,73.65,96,25,1.05,BR,1615851703
19,Saint Stephen,50.3333,-4.9,48.2,100,90,5.75,GB,1615851703
20,Mikhaylovka,50.06,43.2379,26.38,75,89,12.33,RU,1615851544
21,Shache,38.4167,77.2406,48.83,31,68,10.29,CN,1615851704
22,Tucumã,-0.1833,-50.05,76.6,89,75,5.61,BR,1615851682
23,Albany,42.6001,-73.9662,27.0,21,0,8.99,US,1615851579
24,Lebu,-37.6167,-73.65,54.43,88,51,5.26,CL,1615851704
25,Brae,60.3964,-1.353,37.4,87,75,2.3,GB,1615851704
26,Pacific Grove,36.6177,-121.9166,51.8,58,90,16.11,US,1615851561
27,Vaini,-21.2,-175.2,78.8,83,75,9.22,TO,1615851583
28,Saskylakh,71.9167,114.0833,-23.42,95,96,3.65,RU,1615851705
29,George Town,5.4112,100.3354,80.6,89,40,3.44,MY,1615851705
30,Saint-Philippe,-21.3585,55.7679,77.0,78,0,4.61,RE,1615851705
31,Sechura,-5.5569,-80.8222,80.28,65,20,13.09,PE,1615851706
32,Hilo,19.7297,-155.09,80.6,54,40,4.61,US,1615851421
33,Muravlenko,63.7898,74.523,14.25,95,91,9.62,RU,1615851706
34,Tefé,-3.3542,-64.7114,78.8,89,75,4.61,BR,1615851706
35,Leshukonskoye,64.8989,45.7622,23.76,97,96,1.74,RU,1615851707
36,Vardø,70.3705,31.1107,30.2,86,75,8.05,NO,1615851707
37,Cockburn Town,21.4612,-71.1419,75.2,60,75,6.91,TC,1615851707
38,Nouadhibou,20.931,-17.0347,64.44,78,0,20.18,MR,1615851673
39,Cherskiy,68.75,161.3,-2.85,77,87,9.1,RU,1615851708
40,Touros,-5.1989,-35.4608,80.6,74,40,9.22,BR,1615851708
41,Hailun,47.45,126.9333,17.64,72,97,19.84,CN,1615851708
42,São José da Coroa Grande,-8.8978,-35.1478,78.13,79,82,6.87,BR,1615851709
43,Saint Paul Harbor,57.79,-152.4072,35.6,48,75,9.22,US,1615851494
44,Alekseyevsk,57.8406,108.3492,7.18,94,100,5.3,RU,1615851709
45,Talaya,61.3833,152.75,15.69,77,100,5.17,RU,1615851710
46,Flin Flon,54.7682,-101.865,42.8,52,20,10.36,CA,1615851710
47,Punta Arenas,-53.15,-70.9167,41.0,65,20,26.46,CL,1615851710
48,Turan,16.0678,108.2208,73.4,88,20,1.14,VN,1615851711
49,Fredericksburg,38.3032,-77.4605,46.4,15,1,4.05,US,1615851597
50,Warri,5.5167,5.75,77.56,87,100,4.34,NG,1615851711
51,Ushuaia,-54.8,-68.3,42.8,42,90,25.32,AR,1615851711
52,Distrikt Brokopondo,4.75,-55.1667,76.95,87,100,10.67,SR,1615851712
53,Vestmanna,62.1564,-7.1664,41.0,93,90,16.11,FO,1615851712
54,Río Gallegos,-51.6226,-69.2181,50.0,37,40,24.16,AR,1615851713
55,Katsuura,35.1333,140.3,60.8,51,40,26.46,JP,1615851713
56,Almaznyy,48.0448,40.045,37.4,87,75,20.13,RU,1615851713
57,Kununurra,-15.7667,128.7333,78.8,89,90,8.05,AU,1615851503
58,Kapaa,22.0752,-159.319,77.0,78,20,14.97,US,1615851450
59,La Rioja,42.25,-2.5,46.99,71,90,10.36,ES,1615851714
60,Soyo,-6.1349,12.3689,79.86,84,100,7.23,AO,1615851714
61,Twin Falls,42.3505,-114.6445,59.0,23,90,14.97,US,1615851714
62,Qaanaaq,77.484,-69.3632,-8.88,63,0,4.97,GL,1615851580
63,Umluj,25.0213,37.2685,74.71,68,86,2.66,SA,1615851715
64,Tura,25.5198,90.2201,67.15,37,0,4.18,IN,1615851710
65,Mil'kovo,54.7167,158.6167,27.81,73,19,0.98,RU,1615851715
66,Lüderitz,-26.6481,15.1594,62.91,78,0,23.13,NA,1615851715
67,Coromandel,-18.4733,-47.2003,66.33,90,91,3.27,BR,1615851605
68,Fare,-16.7,-151.0167,82.42,77,88,10.94,PF,1615851716
69,Maniitsoq,65.4167,-52.9,14.4,96,99,25.5,GL,1615851716
70,Yellāpur,14.9667,74.7167,66.65,87,0,3.29,IN,1615851716
71,Khatanga,71.9667,102.5,-27.35,97,100,8.37,RU,1615851717
72,Port Elizabeth,-33.918,25.5701,60.8,88,0,4.61,ZA,1615851539
73,Rome,43.2128,-75.4557,41.0,17,1,8.05,US,1615851717
74,Bredasdorp,-34.5322,20.0403,57.2,94,10,3.44,ZA,1615851717
75,Provideniya,64.3833,-173.3,14.0,79,0,2.24,RU,1615851718
76,Opuwo,-18.0607,13.84,66.33,87,52,2.24,NA,1615851718
77,Arraial do Cabo,-22.9661,-42.0278,78.8,78,40,10.36,BR,1615851718
78,Upernavik,72.7868,-56.1549,-3.91,85,70,12.75,GL,1615851719
79,Rikitea,-23.1203,-134.9692,81.36,72,2,8.48,PF,1615851719
80,Launceston,-41.45,147.1667,62.01,62,75,9.22,AU,1615851547
81,Gahanna,40.0192,-82.8793,37.99,48,90,11.5,US,1615851719
82,Haines Junction,60.7522,-137.5108,32.0,40,89,11.5,CA,1615851720
83,Macas,-2.3167,-78.1167,69.8,83,75,2.3,EC,1615851720
84,Dikson,73.5069,80.5464,-28.57,99,81,6.85,RU,1615851720
85,San Quintín,30.4833,-115.95,58.98,74,18,17.85,MX,1615851601
86,Walvis Bay,-22.9575,14.5053,61.0,88,0,4.61,NA,1615851721
87,São João da Barra,-21.6403,-41.0511,77.27,85,85,14.0,BR,1615851721
88,Tiksi,71.6872,128.8694,-19.8,94,96,7.2,RU,1615851721
89,Nemuro,43.3236,145.575,35.8,66,0,10.27,JP,1615851722
90,Scarborough,54.2797,-0.4044,42.01,78,100,4.41,GB,1615851518
91,Avarua,-21.2078,-159.775,82.4,78,20,13.8,CK,1615851582
92,Sitka,57.0531,-135.33,37.4,87,90,10.36,US,1615851704
93,New Norfolk,-42.7826,147.0587,57.99,53,77,5.01,AU,1615851722
94,Târgu Ocna,46.2833,26.6167,37.4,93,90,8.05,RO,1615851723
95,Kadiri,14.1167,78.1667,69.64,55,0,5.88,IN,1615851723
96,Treinta y Tres,-33.2333,-54.3833,64.74,93,43,8.88,UY,1615851723
97,Jamestown,42.097,-79.2353,33.01,29,1,5.41,US,1615851425
98,Zhangjiakou,40.81,114.8794,30.58,22,0,3.74,CN,1615851724
99,Olafsvik,64.8945,-23.7142,41.49,83,99,15.32,IS,1615851724
100,Linhares,-19.3911,-40.0722,71.47,90,7,3.44,BR,1615851724
101,Thompson,55.7435,-97.8558,44.6,42,75,11.5,CA,1615851725
102,Chokurdakh,70.6333,147.9167,-5.01,95,100,12.3,RU,1615851725
103,Yellowknife,62.456,-114.3525,-2.0,71,1,10.36,CA,1615851466
104,Kansanshi,-12.0951,26.4273,61.0,96,100,1.88,ZM,1615851725
105,Hithadhoo,-0.6,73.0833,83.28,65,59,8.75,MV,1615851623
106,Koygorodok,60.445,50.9968,30.45,96,100,10.29,RU,1615851726
107,Atagay,55.1033,99.3875,14.99,90,99,6.4,RU,1615851726
108,Nome,64.5011,-165.4064,21.2,79,90,10.36,US,1615851726
109,Gigmoto,13.7796,124.39,81.03,85,98,6.64,PH,1615851727
110,Baykit,61.67,96.37,7.39,97,97,3.18,RU,1615851727
111,Berlevåg,70.8578,29.0864,26.67,72,92,5.93,NO,1615851727
112,Ahipara,-35.1667,173.1667,71.11,68,100,1.12,NZ,1615851728
113,Qasigiannguit,68.8193,-51.1922,30.2,55,65,20.71,GL,1615851728
114,Comodoro Rivadavia,-45.8667,-67.5,64.4,59,0,5.75,AR,1615851564
115,Leningradskiy,69.3833,178.4167,-0.98,78,99,3.6,RU,1615851728
116,Batagay,67.6333,134.6333,-11.99,95,97,3.69,RU,1615851729
117,Nikolskoye,59.7035,30.7861,34.0,93,90,11.18,RU,1615851595
118,Constitución,-35.3333,-72.4167,55.22,88,29,1.9,CL,1615851729
119,Ponta do Sol,32.6667,-17.1,60.8,67,20,16.11,PT,1615851591
120,Bayan,46.0833,127.4,20.77,84,100,18.07,CN,1615851730
121,Airai,-8.9266,125.4092,66.38,86,97,1.54,TL,1615851730
122,Hamilton,39.1834,-84.5333,35.01,86,90,18.41,US,1615851730
123,Faanui,-16.4833,-151.75,82.85,71,88,9.93,PF,1615851578
124,Mar del Plata,-38.0023,-57.5575,72.0,73,0,6.91,AR,1615851510
125,Alofi,-19.0595,-169.9187,84.2,79,40,8.05,NU,1615851731
126,Ilula,-7.6766,36.0366,62.01,98,58,3.53,TZ,1615851731
127,North Bend,43.4065,-124.2243,48.99,61,1,17.27,US,1615851731
128,Sisimiut,66.9395,-53.6735,6.96,97,95,18.37,GL,1615851732
129,Mahon,39.8885,4.2658,46.4,87,0,4.61,ES,1615851652
130,Pangody,65.85,74.4859,12.61,95,87,3.42,RU,1615851732
131,Atuona,-9.8,-139.0333,80.11,71,17,10.94,PF,1615851590
132,Barrow,71.2906,-156.7887,-0.4,71,90,19.57,US,1615851732
133,Bengkulu,-3.8004,102.2655,77.67,86,99,4.29,ID,1615851733
134,East London,-33.0153,27.9116,70.18,78,85,15.21,ZA,1615851733
135,Viedma,-40.8135,-62.9967,77.4,44,38,8.79,AR,1615851733
136,Puerto Ayora,-0.7393,-90.3518,75.0,96,89,1.01,EC,1615851734
137,Malindi,-3.2175,40.1191,78.19,83,22,6.2,KE,1615851734
138,Harper,4.375,-7.7169,79.41,86,98,7.65,LR,1615851734
139,Millinocket,45.6573,-68.7098,10.4,44,1,16.11,US,1615851541
140,Kumul,42.8,93.45,37.87,31,3,6.29,CN,1615851735
141,Tasiilaq,65.6145,-37.6368,21.96,90,100,32.32,GL,1615851735
142,Anito,12.4497,125.2886,80.67,84,17,4.47,PH,1615851735
143,Son La,21.3167,103.9,67.84,90,43,3.22,VN,1615851666
144,Montanha,-18.1269,-40.3633,71.15,86,33,7.72,BR,1615851736
145,Tuktoyaktuk,69.4541,-133.0374,-2.2,78,75,13.8,CA,1615851586
146,Acarí,-15.4311,-74.6158,75.6,75,53,4.21,PE,1615851736
147,Christchurch,-43.5333,172.6333,63.0,67,75,24.16,NZ,1615851438
148,Medicine Hat,50.0501,-110.6683,42.8,52,90,17.27,CA,1615851626
149,Belyy Yar,53.6039,91.3903,14.0,73,0,6.71,RU,1615851737
150,Brigantine,39.4101,-74.3646,37.99,20,1,10.36,US,1615851737
151,Kaoma,-14.7833,24.8,63.46,98,39,4.54,ZM,1615851737
152,Richards Bay,-28.783,32.0377,74.41,90,31,10.02,ZA,1615851737
153,Trincomalee,8.5711,81.2335,80.6,74,28,9.31,LK,1615851738
154,Virginia Beach,36.8529,-75.978,42.01,52,82,1.99,US,1615851465
155,Muncar,-8.4333,114.3333,78.12,88,100,2.35,ID,1615851738
156,College,64.8569,-147.8028,15.01,67,90,1.36,US,1615851534
157,Port Shepstone,-30.7414,30.455,75.72,85,95,6.31,ZA,1615851739
158,Saint-Pierre,-21.3393,55.4781,77.0,78,0,4.61,RE,1615851739
159,Aksarka,66.5606,67.7975,10.67,95,100,6.93,RU,1615851739
160,Erzin,36.9559,36.2,53.01,86,82,5.99,TR,1615851739
161,San Cristobal,7.7669,-72.225,77.0,83,40,2.3,VE,1615851740
162,Chadiza,-14.0678,32.4392,62.49,98,48,2.46,ZM,1615851740
163,Lorengau,-2.0226,147.2712,85.96,60,100,6.8,PG,1615851740
164,Zharkent,44.1628,80.0,28.63,76,100,2.71,KZ,1615851741
165,Pokhara,28.2333,83.9833,63.09,32,20,5.55,NP,1615851741
166,Ati,13.2154,18.3353,81.27,11,57,7.11,TD,1615851741
167,Meadow Lake,34.8014,-106.5436,62.01,21,75,13.8,US,1615851742
168,Rieti,42.4072,12.8592,41.0,88,3,3.24,IT,1615851742
169,Chilmāri,25.5559,89.6715,65.57,46,0,5.84,BD,1615851742
170,Pingliang,35.5392,106.6861,48.29,75,64,0.18,CN,1615851742
171,Roswell,34.0232,-84.3616,66.2,45,90,8.05,US,1615851703
172,Lac du Bonnet,50.2536,-96.0612,35.19,63,100,4.9,CA,1615851743
173,Pundaguitan,6.3711,126.1689,81.7,73,51,1.63,PH,1615851743
174,Sinnamary,5.3833,-52.95,76.51,83,72,11.25,GF,1615851744
175,Ribeira Grande,38.5167,-28.7,60.6,90,1,12.57,PT,1615851744
176,Omboué,-1.5746,9.2618,75.58,86,100,3.13,GA,1615851595
177,Carnarvon,-24.8667,113.6333,78.8,83,28,8.05,AU,1615851680
178,Fenyi,27.8112,114.6681,66.4,95,95,1.63,CN,1615851745
179,Hasaki,35.7333,140.8333,55.4,71,75,8.05,JP,1615851745
180,Isangel,-19.55,169.2667,80.6,83,75,3.44,VU,1615851745
181,Cervo,43.6702,-7.4101,53.01,82,8,3.0,ES,1615851746
182,Azuaga,38.2667,-5.6833,50.0,67,43,1.99,ES,1615851746
183,San Patricio,28.017,-97.5169,72.0,83,90,9.22,US,1615851628
184,Oussouye,12.485,-16.5469,71.46,49,0,8.77,SN,1615851747
185,Broome,42.2506,-75.833,23.0,36,1,9.22,US,1615851641
186,Necochea,-38.5473,-58.7368,73.65,49,95,10.51,AR,1615851689
187,Vila Franca do Campo,37.7167,-25.4333,60.8,94,75,5.75,PT,1615851747
188,Birao,10.2849,22.7882,79.77,31,46,2.35,CF,1615851747
189,Hihyā,30.6713,31.588,59.0,82,0,6.91,EG,1615851748
190,Santa Barbara,34.7333,-120.0343,53.01,53,40,18.41,US,1615851608
191,Bethel,41.3712,-73.414,28.0,28,0,6.93,US,1615851580
192,Mazatlán,23.2167,-106.4167,75.2,43,40,5.75,MX,1615851586
193,Alice Springs,-23.7,133.8833,64.4,42,75,17.2,AU,1615851750
194,Changping,40.2186,116.2197,43.0,51,0,2.24,CN,1615851750
195,Khāsh,28.2211,61.2158,49.32,39,31,0.78,IR,1615851550
196,Inta,66.0317,60.1659,22.21,91,100,12.3,RU,1615851750
197,Poum,-20.2333,164.0167,79.93,70,0,2.64,NC,1615851751
198,Canutama,-6.5339,-64.3831,75.09,93,98,2.98,BR,1615851751
199,Rørvik,64.8621,11.2373,39.27,78,89,20.31,NO,1615851751
200,Gornopravdinsk,60.05,69.9,18.9,96,100,6.08,RU,1615851752
201,Winnemucca,40.973,-117.7357,33.8,80,90,11.5,US,1615851516
202,Fairbanks,64.8378,-147.7164,15.01,67,90,1.57,US,1615851513
203,Kavieng,-2.5744,150.7967,84.83,65,35,4.38,PG,1615851752
204,Itarema,-2.9248,-39.9167,78.31,81,51,7.07,BR,1615851752
205,Severo-Kuril'sk,50.6789,156.125,35.71,98,100,26.11,RU,1615851753
206,Ende,-8.8432,121.6623,82.33,77,86,1.48,ID,1615851753
207,Puerto Ayacucho,5.6639,-67.6236,82.33,68,100,2.33,VE,1615851753
208,Grindavik,63.8424,-22.4338,41.0,93,0,18.41,IS,1615851613
209,Falmouth,50.1544,-5.0711,48.2,100,90,9.22,GB,1615851754
210,Vostok,46.4856,135.8833,27.72,90,100,3.96,RU,1615851754
211,Chichica,8.4922,-82.1627,86.0,58,20,5.75,PA,1615851754
212,Cermei,46.55,21.85,39.99,87,90,11.5,RO,1615851755
213,Matara,5.9485,80.5353,74.7,87,90,5.03,LK,1615851755
214,Kudahuvadhoo,2.6708,72.8944,82.6,71,86,7.11,MV,1615851755
215,Chu,43.5983,73.7614,28.04,69,82,2.62,KZ,1615851756
216,Ouégoa,-20.35,164.4333,83.93,63,0,7.85,NC,1615851756
217,Porto Velho,-8.7619,-63.9039,75.2,94,40,3.44,BR,1615851756
218,Mahébourg,-20.4081,57.7,77.0,88,40,3.44,MU,1615851756
219,Kamenka,51.3223,42.7678,28.0,79,98,13.22,RU,1615851757
220,Kaitangata,-46.2817,169.8464,57.0,73,57,7.0,NZ,1615851757
221,Sayyan,15.1718,44.3244,53.56,25,0,2.53,YE,1615851757
222,Aranos,-24.1333,19.1167,71.42,52,65,5.48,NA,1615851758
223,Burns Lake,54.2331,-125.7533,35.6,38,100,6.91,CA,1615851758
224,Yetkul',54.8221,61.588,23.0,86,40,6.71,RU,1615851758
225,Dunedin,-45.8742,170.5036,55.99,60,37,34.0,NZ,1615851759
226,Hailey,43.5196,-114.3153,51.8,32,40,8.05,US,1615851759
227,Pisco,-13.7,-76.2167,75.2,69,0,21.85,PE,1615851759
228,Hofn,64.2539,-15.2082,43.0,97,100,14.05,IS,1615851759
229,Port Hardy,50.6996,-127.4199,42.8,60,40,5.75,CA,1615851600
230,Tabou,4.423,-7.3528,78.84,88,97,7.23,CI,1615851760
231,Kruisfontein,-34.0033,24.7314,63.0,94,100,6.22,ZA,1615851760
232,Hauterive,46.0901,3.4459,42.8,81,90,5.75,FR,1615851760
233,Yumen,40.2833,97.2,26.31,23,0,14.32,CN,1615851761
234,Usakos,-22.0,15.6,71.04,45,0,1.86,NA,1615851761
235,Mehamn,71.0357,27.8492,22.87,73,62,8.25,NO,1615851670
236,Guerrero Negro,27.9769,-114.0611,59.45,66,95,18.88,MX,1615851761
237,Nesterov,54.6306,22.5714,34.09,96,78,3.69,RU,1615851762
238,Ségou,13.4317,-6.2157,77.02,17,0,6.96,ML,1615851762
239,Tarrafal,15.2833,-23.7667,71.6,60,0,12.66,CV,1615851762
240,Ancud,-41.8697,-73.8203,57.0,88,90,2.3,CL,1615851763
241,Nuuk,64.1835,-51.7216,21.2,93,90,14.97,GL,1615851763
242,Kiryat Gat,31.61,34.7642,59.0,100,0,1.25,IL,1615851763
243,Iqaluit,63.7506,-68.5145,-20.2,63,20,12.66,CA,1615851607
244,Kavaratti,10.5669,72.642,82.18,72,84,8.16,IN,1615851683
245,Port Hedland,-20.3167,118.5667,78.8,78,51,8.05,AU,1615851764
246,Grand Gaube,-20.0064,57.6608,78.01,84,8,1.99,MU,1615851764
247,Rocha,-34.4833,-54.3333,63.27,93,54,5.91,UY,1615851764
248,Adrar,20.5022,-10.0711,72.97,21,0,9.57,MR,1615851765
249,‘Āhuimanu,21.4447,-157.8378,78.8,73,40,20.71,US,1615851765
250,Steinbach am Taunus,50.1667,8.5667,43.0,75,40,8.05,DE,1615851765
251,Potsdam,52.3989,13.0657,39.99,92,99,1.01,DE,1615851765
252,Revda,56.801,59.9303,21.2,73,75,11.18,RU,1615851766
253,Guider,9.9342,13.9486,80.58,27,92,5.14,CM,1615851766
254,Calabozo,8.9242,-67.4293,86.45,49,84,8.72,VE,1615851766
255,Copiapó,-27.3667,-70.3333,68.0,52,0,10.36,CL,1615851767
256,Lata,40.1629,-8.3327,57.0,76,0,1.14,PT,1615851767
257,Dawlatabad,36.4141,64.9053,39.38,50,63,6.31,AF,1615851767
258,Sambava,-14.2667,50.1667,77.29,88,100,7.29,MG,1615851768
259,Tual,-5.6667,132.75,82.15,74,98,13.51,ID,1615851768
260,Xining,36.6167,101.7667,39.0,47,1,1.66,CN,1615851768
261,Coyhaique,-45.5752,-72.0662,57.2,51,20,8.05,CL,1615851769
262,Waddān,29.1614,16.139,51.39,77,0,5.82,LY,1615851769
263,Nanortalik,60.1432,-45.2371,30.58,93,100,15.9,GL,1615851672
264,Aleksandrov Gay,50.147,48.5704,19.04,76,49,11.48,RU,1615851769
265,Sagaing,21.8787,95.9797,66.2,72,0,2.84,MM,1615851543
266,Mikhaylovsk,45.1283,42.0256,33.8,100,90,15.66,RU,1615851661
267,Ilabaya,-17.4208,-70.5133,65.61,86,80,2.71,PE,1615851770
268,Talcahuano,-36.7167,-73.1167,59.0,82,75,3.44,CL,1615851615
269,Mt. Pleasant,32.7941,-79.8626,57.2,76,90,3.44,US,1615851559
270,Zarya,55.7553,38.0958,33.8,93,75,2.24,RU,1615851770
271,Esmeraldas,-19.7625,-44.3139,75.2,60,0,8.05,BR,1615851770
272,Chapais,49.7834,-74.8492,8.6,43,90,8.05,CA,1615851771
273,Kulhudhuffushi,6.6221,73.07,83.21,68,2,9.31,MV,1615851771
274,Manuk Mangkaw,4.8,119.85,83.61,73,0,6.17,PH,1615851771
275,Cabo San Lucas,22.8909,-109.9124,77.0,30,1,10.36,MX,1615851547
276,Yining,29.0361,114.5636,64.54,98,99,1.03,CN,1615851772
277,Abū Zabad,12.35,29.25,76.96,10,11,7.72,SD,1615851772
278,Mount Gambier,-37.8333,140.7667,59.0,77,90,10.36,AU,1615851772
279,Vao,-22.6667,167.4833,76.62,80,42,13.47,NC,1615851773
280,Örnsköldsvik,63.2909,18.7153,24.8,86,68,8.05,SE,1615851773
281,Chernyshevskiy,63.0128,112.4714,9.21,93,100,9.01,RU,1615851773
282,Evensk,61.95,159.2333,6.39,92,100,3.89,RU,1615851622
283,Thaton,16.9206,97.3714,72.91,93,3,4.76,MM,1615851774
284,Toora-Khem,52.4675,96.11,11.88,96,100,2.24,RU,1615851774
285,Talnakh,69.4865,88.3972,-33.18,96,7,2.75,RU,1615851774
286,Castro,-24.7911,-50.0119,64.53,89,67,3.83,BR,1615851774
287,La Trinidad,16.455,120.5875,68.86,76,66,1.14,PH,1615851775
288,Riacho de Santana,-13.6092,-42.9389,71.1,66,40,5.75,BR,1615851775
289,Torbay,47.6666,-52.7314,23.0,80,90,4.59,CA,1615851775
290,Chicama,-7.8447,-79.1469,76.39,69,75,6.35,PE,1615851776
291,Aklavik,68.2191,-135.0107,-5.8,65,75,13.8,CA,1615851776
292,Jalu,29.0331,21.5482,54.43,76,0,10.42,LY,1615851777
293,Ceuta,35.8903,-5.3075,60.8,82,40,16.11,ES,1615851777
294,Saint George,37.1041,-113.5841,64.4,24,20,12.66,US,1615851777
295,Sokolniki,50.638,21.8065,35.01,84,98,3.91,PL,1615851778
296,Buenos Aires,-34.6132,-58.3772,73.99,78,100,5.75,AR,1615851561
297,Narsaq,60.9167,-46.05,37.4,65,90,12.66,GL,1615851778
298,Megara,38.0,23.3456,51.8,50,40,9.22,GR,1615851778
299,Anadyr,64.75,177.4833,-4.0,71,0,24.61,RU,1615851779
300,Ribas do Rio Pardo,-20.4431,-53.7592,78.39,66,95,3.0,BR,1615851779
301,Caserta,41.0832,14.3349,50.0,81,0,3.44,IT,1615851779
302,Saldanha,-33.0117,17.9442,62.6,77,0,11.5,ZA,1615851702
303,Tessalit,20.1986,1.0114,71.8,20,0,7.81,ML,1615851700
304,Nong’an,44.382,125.1685,28.0,50,0,8.95,CN,1615851780
305,Antofagasta,-23.65,-70.4,68.0,68,20,12.66,CL,1615851780
306,Port Blair,11.6667,92.75,78.03,77,78,6.11,IN,1615851625
307,Ulladulla,-35.35,150.4667,64.4,68,75,6.91,AU,1615851780
308,Malé,4.1748,73.5089,75.2,100,40,9.22,MV,1615851605
309,Sehithwa,-20.4667,22.7167,69.48,58,6,4.76,BW,1615851781
310,Mokhsogollokh,61.4681,128.9203,-0.56,93,20,4.68,RU,1615851781
311,Portland,45.5234,-122.6762,46.99,53,75,5.75,US,1615851485
312,Platteville,42.7342,-90.4785,30.2,100,90,14.97,US,1615851781
313,Ilulissat,69.2167,-51.1,30.2,55,92,20.71,GL,1615851597
314,Chui,-33.6971,-53.4616,66.2,89,63,6.93,UY,1615851782
315,Caravelas,-17.7125,-39.2481,74.68,82,0,5.32,BR,1615851782
316,Half Moon Bay,37.4636,-122.4286,52.0,66,1,23.02,US,1615851782
317,Morgan City,29.6994,-91.2068,71.6,100,90,3.44,US,1615851783
318,Tombouctou,20.0,-3.0,73.36,21,0,9.84,ML,1615851783
319,Belaya Gora,68.5333,146.4167,-6.12,91,100,11.59,RU,1615851783
320,Östersund,63.1792,14.6357,32.0,86,90,14.97,SE,1615851784
321,Neuquén,-38.9516,-68.0591,84.2,28,40,14.97,AR,1615851558
322,Angul,20.85,85.1,66.13,46,0,1.63,IN,1615851784
323,La Palma,33.8464,-118.0467,59.0,54,40,23.02,US,1615851746
324,Ust-Nera,64.5667,143.2,-5.82,78,54,12.68,RU,1615851785
325,Ostrovnoy,68.0531,39.5131,19.89,96,90,2.06,RU,1615851785
326,Husavik,66.0449,-17.3389,32.0,93,90,11.5,IS,1615851785
327,Puri,19.8,85.85,73.4,94,20,5.75,IN,1615851785
328,Ürümqi,43.801,87.6005,24.8,93,90,6.71,CN,1615851786
329,Lompoc,34.6391,-120.4579,51.8,58,75,20.71,US,1615851786
330,Kiyevskoye,45.0383,37.8883,50.0,61,62,11.18,RU,1615851786
331,Mouila,-1.8685,11.0559,71.94,98,97,1.59,GA,1615851787
332,Kholmogory,64.2229,41.656,32.0,93,90,1.63,RU,1615851787
333,Oranjestad,12.524,-70.027,78.8,78,40,17.27,AW,1615851787
334,Lodja,-3.4833,23.4333,70.03,95,100,1.77,CD,1615851788
335,Gobabis,-22.45,18.9667,67.14,73,70,6.44,NA,1615851788
336,Codrington,-38.2667,141.9667,59.77,71,94,8.41,AU,1615851788
337,Lerwick,60.1545,-1.1494,37.4,87,75,2.3,GB,1615851789
338,Hīt,33.6416,42.8251,63.45,27,58,12.77,IQ,1615851789
339,Zephyrhills,28.2336,-82.1812,78.01,57,1,4.92,US,1615851789
340,Yele,10.7323,13.5891,75.47,13,100,2.95,CM,1615851790
341,Turaif,31.6725,38.6637,60.8,44,0,8.05,SA,1615851612
342,Manokwari,-0.8667,134.0833,81.91,74,100,5.95,ID,1615851790
343,Moerai,-22.4333,-151.3333,80.08,76,27,21.56,PF,1615851790
344,Ust'-Uda,54.1742,103.0304,7.84,93,100,2.64,RU,1615851791
345,Kifrī,34.6959,44.9661,60.46,45,73,11.56,IQ,1615851791
346,Moundou,8.5667,16.0833,83.35,34,100,3.67,TD,1615851791
347,Santander,43.4647,-3.8044,52.0,87,75,4.61,ES,1615851792
348,Fortuna,40.5982,-124.1573,48.99,57,90,23.02,US,1615851792
349,Chengde,40.9725,117.9361,34.72,21,3,4.14,CN,1615851786
350,Maglajani,44.9486,17.3494,35.6,87,0,2.3,BA,1615851792
351,Katherine,-14.4667,132.2667,78.8,78,75,5.75,AU,1615851793
352,Longyearbyen,78.2186,15.6401,-4.0,71,40,2.3,SJ,1615851770
353,Marawi,7.9986,124.2928,77.0,87,30,7.0,PH,1615851793
354,Jackson,42.4165,-122.8345,45.0,39,90,13.8,US,1615851793
355,Makat,47.6469,53.3463,26.96,72,0,14.65,KZ,1615851793
356,Krotoszyn,51.6987,17.4374,41.0,96,84,6.04,PL,1615851624
357,Barstow,34.8986,-117.0228,46.4,46,90,32.21,US,1615851668
358,Machalí,-34.1833,-70.6667,58.75,76,5,3.78,CL,1615851794
359,Pangnirtung,66.1451,-65.7125,-23.4,92,35,0.87,CA,1615851794
360,Tuatapere,-46.1333,167.6833,55.99,69,78,21.99,NZ,1615851643
361,Cayenne,4.9333,-52.3333,80.01,88,40,11.03,GF,1615851795
362,Skovorodino,53.9833,123.9167,11.7,67,27,12.35,RU,1615851795
363,Zhanakorgan,43.9098,67.2495,20.26,76,81,4.05,KZ,1615851795
364,Kharp,66.8014,65.8081,12.51,91,100,2.33,RU,1615851796
365,Primorsko-Akhtarsk,46.0497,38.1747,39.0,82,35,17.4,RU,1615851796
366,Labuhan,-6.8844,112.2051,78.62,85,52,4.21,ID,1615851796
367,Vestmannaeyjar,63.4427,-20.2734,44.51,74,98,19.37,IS,1615851696
368,Los Llanos de Aridane,28.6585,-17.9182,66.2,59,90,14.97,ES,1615851552
369,Saint-Augustin,51.226,-58.6502,2.66,86,73,11.68,CA,1615851725
370,Homer,59.6425,-151.5483,30.0,74,75,4.61,US,1615851797
371,Edgewater,28.9889,-80.9023,73.4,73,1,11.5,US,1615851797
372,Navalmoral de la Mata,39.8916,-5.5406,50.0,68,0,3.0,ES,1615851797
373,Inírida,3.8653,-67.9239,76.19,93,66,2.62,CO,1615851798
374,Sørland,67.667,12.6934,38.64,62,0,9.31,NO,1615851798
375,Arzgir,45.3728,44.2206,38.34,76,100,19.98,RU,1615851798
376,Rumonge,-3.9736,29.4386,71.56,79,81,4.34,BI,1615851799
377,Egvekinot,66.3167,-179.1667,-1.21,85,79,5.99,RU,1615851799
378,Matata,-37.8833,176.75,73.99,82,72,1.01,NZ,1615851799
379,Chimoio,-19.1164,33.4833,69.8,100,0,2.3,MZ,1615851800
380,Cidreira,-30.1811,-50.2056,73.65,79,56,11.05,BR,1615851800
381,Normandin,48.8333,-72.5321,8.6,47,49,10.36,CA,1615851800
382,Zhezkazgan,47.8043,67.7144,3.43,84,99,7.29,KZ,1615851800
383,Amapá,1.0,-52.0,72.73,98,58,2.28,BR,1615851801
384,Clyde River,70.4692,-68.5914,-9.4,77,1,21.85,CA,1615851801
385,Sakakah,29.9697,40.2064,69.8,21,93,16.11,SA,1615851801
386,Ol'ga,43.7444,135.2892,38.25,58,100,9.98,RU,1615851802
387,Seoul,37.5683,126.9778,44.6,49,0,16.11,KR,1615851760
388,Taltal,-25.4,-70.4833,64.54,85,6,3.94,CL,1615851802
389,Valparaíso,-33.0393,-71.6273,62.6,72,75,3.44,CL,1615851802
390,Mahabalipuram,12.6264,80.1722,75.2,94,20,4.56,IN,1615851803
391,Pringsewu,-5.3582,104.9744,73.99,98,100,3.42,ID,1615851803
392,Morón,-34.6534,-58.6198,73.4,64,90,4.61,AR,1615851803
393,Saraland,30.8207,-88.0706,73.99,94,75,6.91,US,1615851804
394,Waitara,-38.925,174.25,64.99,83,100,13.0,NZ,1615851804
395,Mogadishu,2.0371,45.3438,79.38,81,90,14.88,SO,1615851736
396,Dingle,10.9995,122.6711,80.4,80,82,1.59,PH,1615851684
397,Kemin,42.7846,75.6892,20.48,86,69,0.49,KG,1615851804
398,Ekhabi,53.5102,142.9671,29.8,83,0,7.54,RU,1615851805
399,Algiers,36.7525,3.042,44.6,93,40,5.26,DZ,1615851731
400,Esperance,-33.8667,121.9,60.8,82,5,14.97,AU,1615851805
401,Harfleur,49.5066,0.1983,44.6,100,0,3.44,FR,1615851805
402,Sunrise Manor,36.2111,-115.0731,64.4,32,40,16.11,US,1615851806
403,Shimoda,34.6667,138.95,60.8,59,75,17.27,JP,1615851806
404,Port Hawkesbury,45.6169,-61.3485,14.0,73,75,16.11,CA,1615851807
405,Departamento de Maldonado,-34.6667,-54.9167,71.6,73,75,14.97,UY,1615851807
406,Porto,41.1496,-8.611,55.99,87,0,4.36,PT,1615851548
407,Altay,47.8667,88.1167,15.58,87,71,1.45,CN,1615851807
408,Puerto Carreño,6.189,-67.4859,84.97,58,89,9.48,CO,1615851807
409,Caucayá,-0.1934,-74.7819,72.82,97,100,1.72,CO,1615851808
410,Ucluelet,48.9329,-125.5528,48.0,45,1,8.05,CA,1615851639
411,Katangli,51.7102,143.2326,31.6,84,0,4.09,RU,1615851808
412,Agnibilékrou,7.1344,-3.2047,76.6,77,79,5.41,CI,1615851808
413,Udachny,66.4167,112.4,-19.05,97,32,3.29,RU,1615851809
414,Hualmay,-11.0964,-77.6139,73.33,78,71,9.66,PE,1615851809
415,Kiunga,-6.1219,141.2906,71.91,98,100,4.34,PG,1615851809
416,Baghdad,33.3406,44.4009,66.2,42,0,11.5,IQ,1615851810
417,Chumikan,54.7183,135.315,15.55,89,100,10.09,RU,1615851810
418,Wangaratta,-36.3667,146.3333,71.01,55,0,3.44,AU,1615851810
419,Shitanjing,39.2342,106.3439,35.35,25,70,6.73,CN,1615851811
420,Tirodi,21.6833,79.7,70.79,25,0,3.44,IN,1615851811
421,Turukhansk,65.8167,87.9833,7.39,95,100,7.16,RU,1615851811
422,Klaksvík,62.2266,-6.589,41.0,93,90,16.11,FO,1615851811
423,Mayskiy,47.6931,40.1025,37.4,87,75,17.9,RU,1615851812
424,Port Moresby,-9.4431,147.1797,84.51,60,60,0.29,PG,1615851812
425,Salamanca,40.8333,-6.0,46.0,29,1,13.47,ES,1615851812
426,Tiébissou,7.1574,-5.2257,80.6,78,75,5.46,CI,1615851813
427,Atar,20.5169,-13.0499,74.57,21,0,7.58,MR,1615851813
428,Kvareli,41.9524,45.8151,38.08,95,100,1.63,GE,1615851813
429,Kenai,60.5544,-151.2583,26.6,79,90,5.75,US,1615851814
430,Takoradze,4.8845,-1.7554,80.42,83,55,9.98,GH,1615851814
431,Hay River,60.8156,-115.7999,19.4,49,2,9.22,CA,1615851673
432,Buraidah,26.326,43.975,73.4,38,40,5.75,SA,1615851814
433,Atasū,48.6814,71.6433,-1.26,79,75,7.7,KZ,1615851815
434,Ripoll,42.2006,2.1903,41.0,61,13,3.0,ES,1615851815
435,Sarh,9.1429,18.3923,80.6,57,0,5.17,TD,1615851815
436,Huarmey,-10.0681,-78.1522,74.1,76,85,9.01,PE,1615851690
437,Skjervøy,70.0311,20.9714,31.53,65,33,5.5,NO,1615851816
438,Montepuez,-13.1256,38.9997,67.95,99,77,2.39,MZ,1615851816
439,Lensk,60.7253,114.9278,11.44,88,100,12.08,RU,1615851816
440,Ayan,56.45,138.1667,15.71,71,100,13.56,RU,1615851817
441,Laas,46.6166,10.7002,34.0,86,75,5.75,IT,1615851733
442,Ada,43.4166,-116.1262,60.8,29,75,17.27,US,1615851817
443,Nantucket,41.2835,-70.0995,26.6,39,1,17.27,US,1615851817
444,Kankaanpää,61.8,22.4167,32.0,100,75,4.61,FI,1615851818
445,Eyl,7.9803,49.8164,77.18,81,68,15.03,SO,1615851818
446,Srednekolymsk,67.45,153.6833,-1.48,77,100,5.35,RU,1615851818
447,La Ronge,55.1001,-105.2842,30.2,51,65,11.5,CA,1615851818
448,Clarence Town,-32.5833,151.7833,69.01,88,90,8.05,AU,1615851819
449,Loikaw,19.6742,97.2094,62.78,34,0,1.79,MM,1615851544
450,Naryan-Mar,67.6713,53.087,15.58,96,99,6.02,RU,1615851819
451,Progreso,21.2833,-89.6667,93.2,36,75,9.22,MX,1615851819
452,Waipawa,-41.4122,175.5153,66.2,82,90,19.57,NZ,1615851820
453,Palma di Montechiaro,37.1926,13.765,42.01,88,13,3.0,IT,1615851820
454,Port Lincoln,-34.7333,135.8667,66.34,77,90,10.65,AU,1615851820
455,Livingstone,-17.8419,25.8543,63.82,91,30,3.11,ZM,1615851821
456,Tlancualpican,18.4333,-98.7,96.01,21,0,1.01,MX,1615851821
457,Waynesboro,38.0685,-78.8895,45.0,36,90,6.91,US,1615851687
458,Jacaleapa,14.0167,-86.6667,82.4,34,40,5.75,HN,1615851821
459,Thai Binh,20.45,106.3333,73.4,88,75,5.75,VN,1615851822
460,Sines Municipality,37.9562,-8.8698,57.0,66,86,3.0,PT,1615851822
461,Oborniki,52.6474,16.8141,36.0,100,75,3.44,PL,1615851822
462,Korla,41.7597,86.1469,43.7,43,92,23.85,CN,1615851823
463,Cardston,49.2,-113.3019,42.8,39,99,9.22,CA,1615851558
464,Sesheke,-17.4759,24.2968,64.87,94,40,3.67,ZM,1615851823
465,Purranque,-40.9167,-73.1667,62.6,79,90,5.75,CL,1615851823
466,Chuzhou,32.3219,118.2978,53.01,84,88,4.0,CN,1615851824
467,Urucurituba,-2.6833,-57.6667,77.49,86,100,2.01,BR,1615851824
468,Nyurba,63.2842,118.3319,12.2,92,100,9.51,RU,1615851824
469,Norman Wells,65.282,-126.8329,1.4,71,75,4.61,CA,1615851824
470,São Filipe,14.8961,-24.4956,71.8,73,92,6.17,CV,1615851825
471,Nabire,-3.3667,135.4833,80.02,72,99,3.53,ID,1615851825
472,Ambilobe,-13.2,49.05,73.51,93,100,1.95,MG,1615851825
473,Beringovskiy,63.05,179.3167,3.79,71,0,5.84,RU,1615851826
474,Nizwá,22.9333,57.5333,65.44,41,3,0.69,OM,1615851826
475,Viesca,25.35,-102.8,86.0,4,1,8.5,MX,1615851826
476,Santa Cruz Cabrália,-16.2781,-39.0247,78.8,69,20,9.22,BR,1615851827
477,Businga,3.3333,20.8833,70.72,98,99,4.97,CD,1615851827
478,Poya,-21.35,165.15,84.27,61,0,4.79,NC,1615851827
479,Tornio,65.8481,24.1466,26.6,93,0,1.14,FI,1615851828
480,Wajima,37.4,136.9,50.0,57,75,9.22,JP,1615851828
481,Cabrobó,-8.5142,-39.31,80.35,55,21,13.82,BR,1615851828
482,Zhigansk,66.7697,123.3711,-5.76,96,100,17.13,RU,1615851828
483,Pathein,16.7833,94.7333,70.43,80,0,5.06,MM,1615851829
484,Nivala,63.9167,24.9667,28.99,94,100,5.01,FI,1615851829
485,Xinmin,41.9908,122.8253,33.8,25,0,8.95,CN,1615851829
486,Englehart,47.8169,-79.8664,21.2,53,1,8.05,CA,1615851830
487,Bathsheba,13.2167,-59.5167,78.8,69,20,11.5,BB,1615851617
488,Goma,-1.6792,29.2228,62.2,88,100,2.08,CD,1615851830
489,Singarāyakonda,15.25,80.0333,71.67,93,0,5.23,IN,1615851831
490,Kysyl-Syr,63.8986,122.7617,4.78,96,100,6.08,RU,1615851595
491,Hvide Sande,56.0045,8.1294,36.0,100,0,5.75,DK,1615851831
492,Keshabpur,22.9183,89.2112,67.53,81,0,3.38,BD,1615851831
493,Agia Marina,37.75,23.5333,52.0,60,1,8.99,GR,1615851832
494,Zaysan,47.4667,84.8667,11.01,93,97,1.72,KZ,1615851832
495,Yenagoa,4.9247,6.2642,77.34,84,100,5.28,NG,1615851832
496,Souillac,-20.5167,57.5167,77.0,88,40,3.44,MU,1615851832
497,Mukhen,48.1,136.1,31.28,91,100,5.19,RU,1615851833
498,Dok Kham Tai,19.1624,99.9934,71.8,64,1,1.12,TH,1615851833
499,Khor,47.8861,134.9464,30.78,87,98,6.2,RU,1615851833
500,Quatre Cocos,-20.2078,57.7625,78.01,88,40,3.44,MU,1615851834
501,Praia da Vitória,38.7333,-27.0667,59.0,94,75,6.93,PT,1615851834
502,Trat,12.5,102.5,80.01,99,88,1.83,TH,1615851834
503,Dekar,-21.5333,21.9333,69.82,61,13,6.29,BW,1615851834
504,Mae Hong Son,19.3003,97.9685,66.15,46,0,0.85,TH,1615851835
505,Pevek,69.7008,170.3133,-7.15,86,61,9.98,RU,1615851607
506,Bambous Virieux,-20.3428,57.7575,78.01,88,40,3.44,MU,1615851835
507,Kindu,-2.95,25.95,70.81,98,100,2.13,CD,1615851836
508,Pitimbu,-7.4706,-34.8086,78.8,83,20,9.22,BR,1615851836
509,Tsimmerbude,54.675,20.1347,33.01,100,75,4.47,RU,1615851836
510,Bali,-8.5,115.0,77.0,94,20,2.3,ID,1615851705
511,Charter Township of Clinton,42.587,-82.9199,32.0,51,90,11.5,US,1615851837
512,Verkhoyansk,67.5447,133.385,-9.24,90,100,3.15,RU,1615851837
513,Naze,28.3667,129.4833,71.6,64,75,12.66,JP,1615851672
514,Geraldton,-28.7667,114.6,78.8,24,87,16.11,AU,1615851837
515,Mama,58.3106,112.8986,2.86,89,100,6.06,RU,1615851838
516,Praxédis Guerrero,31.3667,-106.0167,69.01,12,40,4.61,MX,1615851838
517,Porirua,-41.1333,174.85,64.99,84,100,21.99,NZ,1615851686
518,Gurupá,-1.405,-51.64,76.19,89,25,4.32,BR,1615851838
519,Tommot,58.9564,126.2925,3.04,88,30,1.72,RU,1615851839
520,Gushi,34.6425,109.5843,57.11,59,100,14.76,CN,1615851839
521,Kommunisticheskiy,61.6789,64.4819,13.42,93,67,5.5,RU,1615851839
522,Igarka,67.4667,86.5833,-21.71,84,97,8.43,RU,1615851840
523,Shīeli,44.1667,66.75,16.02,85,76,6.8,KZ,1615851840
524,Gizo Government Station,-8.103,156.8419,84.31,62,47,4.05,SB,1615851840
525,Sovetskiy,61.3614,63.5842,12.06,93,87,4.79,RU,1615851840
526,Tromsø,69.6496,18.957,30.2,74,40,9.22,NO,1615851841
527,‘Ewa Beach,21.3156,-158.0072,80.6,65,1,17.27,US,1615851841
528,Palmer,42.1584,-72.3287,28.4,19,20,17.27,US,1615851552
529,Vuktyl,63.8567,57.3094,23.9,94,100,9.55,RU,1615851841
530,Sirte,31.2089,16.5887,57.74,67,7,13.27,LY,1615851842
531,Lethem,3.3803,-59.7968,82.04,68,70,8.88,GY,1615851842
532,Mount Isa,-20.7333,139.5,77.0,57,77,13.8,AU,1615851842
533,Zeya,53.75,127.2667,13.62,80,86,9.93,RU,1615851843
534,Halifax,44.6453,-63.5724,14.0,52,100,11.5,CA,1615851776
535,Flinders,-34.5833,150.8552,64.99,83,65,1.01,AU,1615851843
536,Bac Lieu,9.285,105.7244,76.48,81,73,8.72,VN,1615851843
537,Yar-Sale,66.8333,70.8333,9.19,95,98,8.39,RU,1615851844
538,Port-Gentil,-0.7193,8.7815,78.8,94,20,3.44,GA,1615851844
539,Kachug,53.9606,105.8817,5.72,92,100,1.54,RU,1615851844
540,Mariveles,14.4833,120.4833,82.0,88,40,5.75,PH,1615851845
541,Gao,16.6362,1.637,76.91,17,0,5.73,ML,1615851845
542,Victor Harbor,-35.5667,138.6167,62.01,89,93,11.07,AU,1615851845
543,Teguise,29.0605,-13.564,59.56,83,3,14.47,ES,1615851846
544,Gander,48.9682,-54.5906,19.4,86,90,17.27,CA,1615851846
545,Lagoa,39.05,-27.9833,59.56,91,0,13.33,PT,1615851640
546,Makkah al Mukarramah,21.4267,39.8261,75.79,52,1,2.39,SA,1615851846
547,Baião,-2.7906,-49.6717,73.62,94,35,2.35,BR,1615851847
548,Santa Isabel,-23.3156,-46.2214,73.4,78,75,5.75,BR,1615851847
549,Salinas,36.6777,-121.6555,53.6,50,75,25.32,US,1615851658
550,Bowen,-20.0167,148.2333,82.4,74,77,5.75,AU,1615851847
551,São Paulo de Olivença,-3.3783,-68.8725,76.06,91,91,1.5,BR,1615851847
552,Laguna,38.421,-121.4238,55.99,47,40,9.22,US,1615851750
553,Delicias,41.6493,-0.9076,52.0,62,0,23.02,ES,1615851848
554,Shāmgarh,24.1833,75.6333,73.49,23,5,6.46,IN,1615851848
555,Tuy Hoa,13.0833,109.3,71.31,89,48,3.96,VN,1615851718
556,Shelburne,44.0787,-80.2041,27.0,39,38,6.69,CA,1615851849
557,Huntsville,34.7304,-86.5861,68.0,83,90,8.05,US,1615851562
558,Mwinilunga,-11.7358,24.4293,59.94,95,100,1.28,ZM,1615851849
559,Arlit,18.7369,7.3853,76.06,18,74,8.75,NE,1615851849
560,Yulara,-25.2406,130.9889,66.2,26,0,10.36,AU,1615851850
561,Gundlupēt,11.8,76.6833,64.09,64,8,4.29,IN,1615851850
562,Cap Malheureux,-19.9842,57.6142,78.01,84,9,1.99,MU,1615851850
563,Novovarshavka,54.1721,74.6946,3.52,91,10,9.35,RU,1615851850
564,Praia,14.9215,-23.5087,71.6,60,0,12.66,CV,1615851851
565,Kichera,55.9375,110.0997,3.92,76,96,3.67,RU,1615851851
566,Kongolo,-5.3833,27.0,70.21,91,69,2.04,CD,1615851851
567,Kumluca,36.3703,30.2869,54.36,81,66,14.45,TR,1615851852
568,San Andrés,12.5847,-81.7006,82.4,69,40,11.5,CO,1615851852
569,Teya,60.3778,92.6267,10.96,93,100,7.11,RU,1615851852
570,Tūkrah,32.5341,20.5791,54.66,65,8,12.08,LY,1615851853
571,Bandraboua,-12.7044,45.1223,80.6,83,0,4.61,YT,1615851853
572,Vallenar,-28.5708,-70.7581,58.71,85,0,3.13,CL,1615851853
573,Farah,32.5,62.5,51.66,27,100,1.16,AF,1615851853
